sa1_code_2021,lon,lat
80101100101,149.07860017630236,-35.25418987954362
80101100102,149.085309880009,-35.25658177239395
80101100103,149.07540832465563,-35.257059626670284
80101100104,149.08339101927334,-35.26221079530831
80101100105,149.0771251991997,-35.26092386471927
80101100106,149.08002877967508,-35.25851901980215
80101100201,149.06951090637492,-35.245095504540714
80101100202,149.0712124529653,-35.24832934487539
80101100203,149.064017521563,-35.234746984346366
80101100205,149.0701020966466,-35.230387954414844
80101100208,149.07373720939384,-35.24560498264882
80101100209,149.07065394879362,-35.24391602434479
80101100210,149.06004029442295,-35.23025612577154
80101100211,149.06027731491065,-35.234200219575
80101100212,149.0770922624698,-35.23302658450506
80101100213,149.07126139497865,-35.237808250289554
80101100215,149.07484290435457,-35.23953093543016
80101100216,149.07042205678783,-35.24035289931269
80101100217,149.0689635062785,-35.23667659451695
80101100218,149.06978709790064,-35.24238350458987
80101100219,149.07218269725257,-35.24205162438977
80101100220,149.0681727813176,-35.24253899930115
80101100221,149.06662706368297,-35.23640518437658
80101100222,149.07065961446813,-35.23867491568762
80101100223,149.06198200290956,-35.24163108971567
80101100224,149.0691460735886,-35.241594619341996
80101100225,149.06894925989639,-35.23877326425428
80101100301,149.09597102651213,-35.24316706457132
80101100304,149.1005840344979,-35.24090522281914
80101100306,149.09294422323092,-35.23905710489778
80101100307,149.09360765961097,-35.23638974974469
80101100308,149.083483723614,-35.23892068929838
80101100309,149.09457712326218,-35.237212514397335
80101100310,149.09807593193645,-35.237254474944216
80101100311,149.09725581320114,-35.238675244387004
80101100312,149.09607358447315,-35.24115499997502
80101100314,149.0999533713544,-35.24837414463448
80101100315,149.08221073270295,-35.24580478962653
80101100316,149.08716203813992,-35.24800628437662
80101100317,149.0919922848125,-35.24230021533676
80101100318,149.08304509871866,-35.2509870149108
80101100319,149.07719870474614,-35.24874635134732
80101100320,149.0934650044489,-35.24461599945488
80101100321,149.09711434561189,-35.24547287427454
80101100322,149.09905759201428,-35.24382881966883
80101100401,149.0385677294393,-35.1950206949187
80101100402,149.03698117259523,-35.19737411975589
80101100403,149.0416380318416,-35.19912479493717
80101100404,149.03943102749537,-35.20208105996306
80101100405,149.0321233188973,-35.19660805490525
80101100406,149.02880786535567,-35.20142911980742
80101100408,149.03116144601023,-35.20483105476464
80101100409,149.0349466843094,-35.201899140943205
80101100501,149.06108425895394,-35.25754743951196
80101100502,149.0659195092427,-35.2587478747205
80101100503,149.06839543415066,-35.2638703943039
80101100504,149.0708266633817,-35.258650764362095
80101100505,149.0699812795291,-35.256001394797195
80101100506,149.0716403546711,-35.2630140535466
80101100507,149.0651647132999,-35.26350390996199
80101100508,149.06295277001624,-35.261848132301175
80101100509,149.0602668495376,-35.259946574264504
80101100602,149.02219861934896,-35.201135449357345
80101100604,149.02725902697372,-35.197246714636286
80101100605,149.02426477324852,-35.187177784536466
80101100606,149.02882464229194,-35.18549920437276
80101100607,149.02944485982536,-35.18874404469691
80101100608,149.0232404943986,-35.19085949861012
80101100609,149.0271528047847,-35.19209436236208
80101100610,149.0244668097458,-35.19452868062597
80101100611,149.02077018935103,-35.19895270941372
80101100612,149.01846641039756,-35.19653359448763
80101100613,149.0238341918682,-35.19694790958105
80101100614,149.01257391847793,-35.20094649973694
80101100615,149.01743263725345,-35.20248078431398
80101100616,149.02078588920727,-35.19265133462954
80101100617,149.0153447144796,-35.199661674850915
80101100618,149.03093155455255,-35.19115845600139
80101100619,149.0174422141927,-35.19190703468655
80101100620,149.0159901549096,-35.19358140081891
80101100621,149.01104106831139,-35.19149347426502
80101100622,149.01897068686887,-35.1898394949083
80101100623,149.02968079784313,-35.194284804571296
80101100701,149.06051141138212,-35.21928854998356
80101100702,149.06008978890017,-35.2154024547863
80101100703,149.0665907097617,-35.216479190522314
80101100704,149.06313578199246,-35.21289787999735
80101100705,149.07194812467395,-35.211977655555174
80101100706,149.06409276355288,-35.21011168487037
80101100707,149.06872477270352,-35.20840682435237
80101100708,149.08018237991058,-35.209389059752546
80101100709,149.07405051930704,-35.20932215038727
80101100710,149.07111796996034,-35.204951213595116
80101100711,149.07375950917245,-35.20297572691937
80101100712,149.07839476213954,-35.211192169351435
80101100713,149.07786605688247,-35.20547244492648
80101100714,149.06778582841577,-35.21254389472469
80101100801,149.05227785413652,-35.223311410491
80101100802,149.04842713943282,-35.22321613853236
80101100803,149.04474715493882,-35.22197183653225
80101100804,149.05607279963067,-35.22384605152312
80101100805,149.05608690497724,-35.23257499731134
80101100806,149.0516741709942,-35.23171765968917
80101100807,149.05302757998774,-35.2287784895767
80101100808,149.05786870076685,-35.22792374985014
80101100809,149.0589670097793,-35.22321231960875
80101100810,149.0412000348686,-35.22466823671528
80101100811,149.04525777531262,-35.22699866989615
80101100812,149.048858609247,-35.22756474484177
80101100901,149.0377878992462,-35.205802754993364
80101100902,149.04563008926863,-35.21114330277348
80101100903,149.04156932958696,-35.21323050991497
80101100904,149.05029108795182,-35.19964583977584
80101100905,149.04677879915846,-35.20118521455452
80101100906,149.04807608500633,-35.20376099973495
80101100907,149.04508443459878,-35.207600856983156
80101100908,149.04588212240137,-35.19648902449987
80101100909,149.04284429768995,-35.202791139507795
80101100910,149.0391551548716,-35.208395350811124
80101101001,149.03774107995196,-35.18838858933651
80101101002,149.0355420382724,-35.191850119277454
80101101003,149.053923849808,-35.19025498940266
80101101004,149.05212718779873,-35.19185000475357
80101101005,149.05306208966772,-35.195469484949776
80101101101,149.0937972059325,-35.205746274307344
80101101102,149.08882032276452,-35.21516323499493
80101101103,149.10253050136055,-35.20895121970813
80101101104,149.09347229068416,-35.210990499480765
80101101105,149.10009615946709,-35.21259954940364
80101101106,149.09850411481494,-35.216083846792564
80101101107,149.09483429565663,-35.21598624499462
80101101108,149.0889943542828,-35.21133393877537
80101101109,149.1014407092753,-35.2152826226023
80101101110,149.0978954999217,-35.21132022049038
80101101202,149.0819557225534,-35.19864716456802
80101101203,149.0493295645094,-35.180833754943464
80101101301,149.0405250569338,-35.242477569898014
80101101302,149.04317553977288,-35.244349692760196
80101101303,149.03683835843134,-35.25252358426606
80101101304,149.0424933196202,-35.251703496289466
80101101305,149.03021356438364,-35.24345357943776
80101101306,149.0371979145137,-35.24922767996737
80101101307,149.04190568847375,-35.24826550992602
80101101308,149.03175960002193,-35.249034099506034
80101101309,149.0364084543808,-35.24437818269114
80101101310,149.03388464926812,-35.24269677835544
80101101401,149.02554558489237,-35.23052159454134
80101101402,149.03102742455633,-35.23164212494662
80101101403,149.0201105896756,-35.23110126959821
80101101404,149.02521666495448,-35.23590669549662
80101101405,149.028517689756,-35.23861325224056
80101101406,149.02977086922178,-35.23357800476065
80101101407,149.03050814621983,-35.22723307478209
80101101502,149.0087995947094,-35.22248495962233
80101101503,149.0079328255631,-35.22531966959219
80101101504,149.01431124496605,-35.22185256957594
80101101505,149.0151431307332,-35.2293526597333
80101101506,149.02779171086925,-35.22384569928078
80101101508,149.02430387781112,-35.22160011457713
80101101509,149.01029482433017,-35.22014261964309
80101101510,149.00875379140967,-35.227759884516395
80101101511,149.01210529973355,-35.227949660369895
80101101512,149.01380497962478,-35.225173664733354
80101101513,149.01953396468798,-35.22203810949374
80101101514,149.02386206389653,-35.225590134966446
80101101515,149.01903450947484,-35.225035902695595
80101101516,148.9976566215323,-35.22683072490549
80101101517,149.00255785487525,-35.22367008354224
80101101601,149.108397685942,-35.22508116442418
80101101602,149.10470237618927,-35.23605484994036
80101101603,149.09930231555555,-35.23471071999297
80101101604,149.1101668801649,-35.234018574309076
80101101605,149.11301403925393,-35.2318481035428
80101101606,149.11365402960504,-35.22561487872029
80101101607,149.108842104971,-35.229582833411044
80101101608,149.12020497944147,-35.23166182000226
80101101609,149.09526390416153,-35.23222096578067
80101101610,149.09984589421887,-35.227989135922414
80101101611,149.10059359436914,-35.23076750585804
80101101612,149.10834899635535,-35.2201722893352
80101101613,149.10399094731517,-35.221711724835885
80101101614,149.11630155968174,-35.22414819195145
80101101615,149.10849596792232,-35.21577852492739
80101101616,149.1034311387897,-35.2170680699189
80101101617,149.1093435445626,-35.212070765294015
80101101618,149.1143603255056,-35.218573334401256
80101101619,149.10411814426786,-35.22871103997755
80101101701,149.0235580039358,-35.21878271983811
80101101702,149.03981388946943,-35.218610621665185
80101101703,149.03235996927913,-35.21595176079361
80101101704,149.02929089846714,-35.221349094958526
80101101705,149.02487481736136,-35.215520229634
80101101706,149.03169103970112,-35.20975308475134
80101101707,149.03578735470177,-35.223087301864474
80101101708,149.03668153414233,-35.21384566771088
80101101709,149.0326874842519,-35.22251878792108
80101101802,149.08949521086774,-35.223054574570725
80101101805,149.08307559382757,-35.228679964521874
80101101806,149.08969731743366,-35.23276143944793
80101101807,149.089502417153,-35.22892982995654
80101101808,149.0940813897693,-35.22897525461624
80101101809,149.0920134706802,-35.23230525449524
80101101810,149.08929203889994,-35.226672419664155
80101101902,149.00128807184808,-35.21067700933216
80101101904,149.0050846145469,-35.214698775959214
80101101905,149.00085444428066,-35.21545786237824
80101101906,149.02119668339677,-35.20858356967591
80101101907,149.019701205841,-35.2123566347617
80101101908,149.01627553440397,-35.20728600761311
80101101909,149.0243228205855,-35.205719739403385
80101101910,149.00888683998812,-35.21540916863607
80101101911,149.01591323127346,-35.21713478428836
80101101912,149.0110230597849,-35.20896902955727
80101101913,149.01304734859895,-35.21303748426764
80101101914,149.00486438626672,-35.20928844943712
80101101915,148.99975889758775,-35.20520744986122
80101101916,149.00425668765513,-35.20673112481257
80101101917,149.00828314426937,-35.20693119488637
80101101918,149.00639755533524,-35.210388569494555
80101101919,149.00624881318876,-35.20231749961443
80101102001,149.056062064763,-35.25424153634759
80101102002,149.0647253194467,-35.2497152619064
80101102003,149.06057223720833,-35.25429696436462
80101102004,149.05701511439742,-35.249731965337986
80101102005,149.07094091650941,-35.25209032489362
80101102006,149.06520266442575,-35.25373347034478
80101102007,149.0611460396893,-35.251098088832826
80101102008,149.0598932114648,-35.24651396433202
80101102101,149.07575611460442,-35.2186358247577
80101102102,149.07590401592773,-35.22279988434195
80101102103,149.07147960923584,-35.21916450152207
80101102104,149.07663494812496,-35.21492112432612
80101102105,149.08211979445014,-35.213705199527126
80101102201,149.0523183349181,-35.20498066129693
80101102202,149.05562004962582,-35.205092855922636
80101102203,149.05123014722395,-35.21516947989179
80101102204,149.05097786615624,-35.208328494941405
80101102205,149.05370775377816,-35.211686039407326
80101102206,149.0579649345883,-35.20667330890422
80101102207,149.06105009961698,-35.20854560695168
80101102208,149.05754592440718,-35.202227454292085
80101102301,149.0457469870366,-35.23680802972454
80101102302,149.0546057052446,-35.23819000996195
80101102303,149.05364149853438,-35.24125895452327
80101102304,149.05066302461546,-35.23783633897715
80101102305,149.04472201648392,-35.240983009413945
80101102306,149.04959747446642,-35.24165711691409
80101102307,149.05031991668594,-35.234568974525
80101102401,149.04092039021896,-35.23117201478136
80101102402,149.03705922990522,-35.23104751340256
80101102403,149.0330681399637,-35.23827837335624
80101102404,149.0371712588043,-35.239282534826735
80101102405,149.0406760951741,-35.23774704475391
80101102406,149.03774111678283,-35.23566100446925
80101102407,149.04162395973265,-35.23476526693358
80101102408,149.04479649131255,-35.23289206432858
80101102501,149.06310749134926,-35.196774469467236
80101102502,149.06302910974748,-35.20245821578356
80101102503,149.0663380549948,-35.204418511421146
80101102504,149.06712529269575,-35.195198954454376
80101102505,149.0689114516027,-35.199361034721775
80101102506,149.05998747438255,-35.19577071280815
80101102601,149.05123255560724,-35.25591302430803
80101102602,149.04669050464747,-35.24919617440722
80101102603,149.04704073352224,-35.25368249983694
80101102604,149.05200767323836,-35.251392959863466
80101102605,149.0516817348089,-35.24705494139925
80101102606,149.04866856975028,-35.24608305936409
80101102607,149.05351686447526,-35.245826649881266
80101111101,149.0084131924748,-35.255150189398066
80101114201,148.9760801044023,-35.2185045098228
80101114301,148.98297033175183,-35.23210362460862
80101114302,148.99653924937115,-35.22981581462792
80101114401,148.9955465948126,-35.21012935134234
80103103102,149.17297892278359,-35.370509884537846
80103103103,149.1682593242995,-35.383378904481035
80103103201,149.30645301787797,-35.30473964491123
80103111301,149.2271712448739,-35.340004089677706
80103111302,149.15423702426128,-35.34777249991588
80103111303,149.20017569199644,-35.347861324805145
80103111304,149.182149731891,-35.35700731972245
80103111305,149.13820103732604,-35.348548489845925
80103111306,149.2117714151785,-35.33887416933738
80103111307,149.16697470649368,-35.33556980949437
80103111308,149.14294622971093,-35.3765883717781
80103111309,149.16971363925228,-35.35062774473558
80103111401,149.1964887527455,-35.30340674985286
80103111501,149.1719223845335,-35.28783203968098
80103111502,149.19326100442007,-35.33083770932661
80103111503,149.17814713453072,-35.29226150369979
80103111504,149.22497050448015,-35.24504522996789
80103111505,149.1738211598378,-35.250969764477595
80103111506,149.22819449425447,-35.30430977244654
80103111507,149.17369200455784,-35.28305753087498
80104103401,149.12693747520348,-35.17062250462062
80104103402,149.11993898109932,-35.17181365482829
80104103403,149.12320956379247,-35.17069346992741
80104103404,149.13670733933287,-35.16748892669012
80104103405,149.13408582985664,-35.16671495677106
80104103406,149.12510866518517,-35.17608737967306
80104103407,149.11952868996636,-35.16773579997759
80104103408,149.13007831871178,-35.166655984415954
80104103409,149.12599323444883,-35.16388580632557
80104103410,149.13023314963917,-35.16983900947419
80104103411,149.13659058080378,-35.17156248939212
80104103412,149.132202174097,-35.17423633932718
80104103413,149.127262003278,-35.17413931432002
80104103414,149.12197441710768,-35.16885746492125
80104103501,149.14057006091863,-35.16429628992391
80104103505,149.14698267379453,-35.15909559466002
80104103506,149.13657877963593,-35.16397235589914
80104103507,149.1380682016483,-35.15557571433045
80104103508,149.14224035422188,-35.1560341069824
80104103509,149.13438592375542,-35.161622004431635
80104103510,149.14490153240274,-35.155951994597814
80104103511,149.1388692698114,-35.15932123634103
80104103512,149.1378416537202,-35.152526009701575
80104103513,149.1416646446176,-35.1524674993315
80104103514,149.1476196053821,-35.151458499882246
80104103515,149.14713625875865,-35.15385450004721
80104103516,149.13661685023766,-35.157779599648165
80104103517,149.15273499978375,-35.15166020367344
80104103518,149.1490364345364,-35.15652815590207
80104103519,149.14053386420252,-35.15657395082699
80104103520,149.1383037542889,-35.16314086547488
80104103521,149.1412670026621,-35.150744074556876
80104103522,149.1427153581913,-35.1611823698468
80104103601,149.09030897492073,-35.17617189995739
80104103604,149.09910350490844,-35.16483899292281
80104103605,149.08717276492274,-35.17452359684622
80104103606,149.1017656541681,-35.155969394489375
80104103607,149.09324063224034,-35.16612300985706
80104103608,149.09214640427422,-35.17498330501213
80104103609,149.09463398931456,-35.172659836584636
80104103610,149.09771458012182,-35.1699242243173
80104103611,149.08869002842073,-35.17003731990636
80104103612,149.10010421555853,-35.16026099995981
80104103613,149.1007416618808,-35.15822948985946
80104103614,149.09683611221556,-35.161257509664125
80104103615,149.09658045977054,-35.156849001861296
80104103616,149.09345290863357,-35.16998951977704
80104103617,149.0965274942031,-35.164345936683205
80104103618,149.09708399423334,-35.17379326743105
80104103702,149.1046653027175,-35.20347100489269
80104103703,149.10511918280307,-35.20001888446014
80104103704,149.0997019787204,-35.20293988438004
80104103705,149.1080999501209,-35.201878994572525
80104103706,149.10494566422278,-35.205927749447326
80104103707,149.10506237424275,-35.2016813842934
80104103708,149.10697503929794,-35.19787292974634
80104103709,149.1108860004144,-35.20197950469709
80104103710,149.10838727626452,-35.208102709637295
80104103711,149.10918340189687,-35.20430300472278
80104103712,149.10928583768705,-35.20042313483569
80104103713,149.11346406556683,-35.200764689750905
80104103714,149.11372727014847,-35.20479590448197
80104103804,149.1474154641321,-35.16914918562454
80104103805,149.15280352417196,-35.15727120737774
80104103806,149.15039499985974,-35.169428599381106
80104103807,149.1459857064242,-35.16332323478993
80104103808,149.1457160276843,-35.174475149512695
80104103809,149.14391358950775,-35.16608627496892
80104103810,149.14889761248568,-35.17295906432727
80104103811,149.14413514459957,-35.16911774958007
80104103812,149.14877576679717,-35.16109550444771
80104103813,149.1441877975533,-35.1771514295116
80104103814,149.1414268794265,-35.17528121939292
80104103815,149.14078358417345,-35.16892498333377
80104103907,149.14459319915622,-35.195715034849364
80104103908,149.14275330482556,-35.200730559501814
80104103910,149.14742949042693,-35.19891189989298
80104103911,149.14590857437895,-35.18791907955772
80104103912,149.14195352664325,-35.204086839994716
80104103913,149.1504949347401,-35.190067496708814
80104103914,149.137177729555,-35.19974413434663
80104103915,149.14587400451185,-35.19075480482598
80104103916,149.14978533932754,-35.19552521152708
80104103917,149.15068055991546,-35.19156201560753
80104103918,149.14429250967444,-35.188400569336906
80104103919,149.1349820125403,-35.20415144445896
80104103920,149.1478151776026,-35.1882852645129
80104103921,149.14830210491075,-35.20192102770918
80104103922,149.1457047035219,-35.20150429436267
80104103923,149.1416322801145,-35.199052664538165
80104103924,149.14376278662607,-35.2055440844476
80104103925,149.13749971449892,-35.20545181132927
80104103926,149.1494715074931,-35.18894379493847
80104103927,149.14755867445297,-35.19514359837257
80104103928,149.14830646982472,-35.19209774300853
80104103929,149.14993839248902,-35.19300212952003
80104104001,149.1375122217426,-35.18241175996241
80104104002,149.13730399585302,-35.17586137992542
80104104005,149.14326818950204,-35.18242626653511
80104104006,149.14063223421775,-35.18276757993697
80104104007,149.1471518741732,-35.183445944795636
80104104008,149.15210832066848,-35.18419076936923
80104104011,149.13599364041605,-35.19454362476335
80104104013,149.14092417949857,-35.17951013786475
80104104014,149.1300803354296,-35.17820985941912
80104104015,149.137947809434,-35.17906103867626
80104104017,149.1471317078934,-35.186504439552166
80104104018,149.14172113966578,-35.1874546475027
80104104019,149.1280412531594,-35.18728781446225
80104104020,149.1294462452132,-35.18344159464077
80104104021,149.13532712910282,-35.187587939837954
80104104022,149.13338702410894,-35.18591646987984
80104104023,149.12628981413815,-35.18580029446197
80104104024,149.13496183637903,-35.178811409643615
80104104025,149.15067239961942,-35.187601462438714
80104104026,149.13463097967332,-35.18182822692736
80104104027,149.13608388876276,-35.18459967987192
80104104028,149.13068334483543,-35.18136732471131
80104104029,149.1306410548468,-35.18223401495627
80104104030,149.12961761771825,-35.18182690460084
80104104031,149.1322019989255,-35.180768609898976
80104104032,149.13238477913637,-35.18200269674755
80104104301,149.0679465343251,-35.170026839627226
80104104302,149.0547278303092,-35.16689042984216
80104104401,149.1530789898589,-35.188298970537495
80104104402,149.15726433419235,-35.18783650233906
80104104404,149.15826914744835,-35.19651695497947
80104104405,149.16224590926112,-35.19816176933056
80104104409,149.15918323625058,-35.193401254733104
80104104410,149.14893815435275,-35.204941328695284
80104104411,149.1574230745879,-35.19984415235999
80104104412,149.15311654392934,-35.191485020016344
80104104413,149.16087599282585,-35.20090826992001
80104104414,149.15082032250234,-35.20522500436321
80104104415,149.1510424345496,-35.2026630183978
80104104416,149.15737699460706,-35.20798827832449
80104104417,149.1612097816326,-35.20599150981548
80104104418,149.15126398964142,-35.19603695872108
80104104419,149.15009810935328,-35.19996885135266
80104104420,149.1540820253489,-35.19307117980068
80104104421,149.1494109394834,-35.20293553380081
80104104422,149.15735075481766,-35.20419216473315
80104104423,149.15605031498478,-35.191213494716564
80104104424,149.1542405842848,-35.207933499795026
80104104425,149.15360123443247,-35.19795447860623
80104104426,149.1496179364777,-35.20761756468315
80104104502,149.1213261496796,-35.211704428475436
80104104503,149.13199166918147,-35.225922194795466
80104104504,149.13872753991407,-35.21535719940242
80104104601,149.1253124596855,-35.18306396433657
80104104602,149.11828523925507,-35.17863482788766
80104104603,149.12348512829402,-35.17979232446837
80104104604,149.11256511158058,-35.178512964856424
80104104605,149.10912001497383,-35.17469119991651
80104104606,149.10871357491848,-35.1774736648314
80104104607,149.11789172954994,-35.18194047335497
80104104609,149.10047192475042,-35.16996875086395
80104104612,149.1194144943308,-35.17522854674365
80104104613,149.1212789494996,-35.17660369085806
80104104614,149.12056537455027,-35.180243709686906
80104104616,149.10687600991935,-35.17511721256693
80104104617,149.1087452297524,-35.164426611500815
80104104618,149.11016485715885,-35.16161175440415
80104104619,149.11278329978666,-35.16375039388607
80104104620,149.1134353194778,-35.16757819244922
80104104621,149.11454253528626,-35.16950188474175
80104104622,149.11152032419272,-35.17369184495808
80104104623,149.1153556597387,-35.17425551595167
80104104624,149.12068930972015,-35.18321766157036
80104104625,149.11234336874094,-35.18085408495034
80104104626,149.11003600820436,-35.168587849671454
80104104627,149.10293684439787,-35.169332654711866
80104104628,149.10510738971996,-35.17071367983913
80104104629,149.10297109536302,-35.175093224417026
80104104630,149.10036541420217,-35.17377748899479
80104104631,149.10598114416592,-35.16337705638527
80104104632,149.10341349497924,-35.16263980362345
80104104633,149.10489904884602,-35.159010314857156
80104104634,149.1035858879704,-35.16664700472277
80104104635,149.10409275967453,-35.17312657443008
80104104636,149.1078579844076,-35.1711114796687
80104104637,149.10728545483934,-35.16763254289534
80104104701,149.10778404497484,-35.18539652930049
80104104702,149.09348505933755,-35.18572380587053
80104104703,149.09904515843243,-35.19145720967246
80104104704,149.1052024692063,-35.1878443578899
80104104705,149.1029375396939,-35.186849712839816
80104104706,149.09779812883312,-35.18014238483793
80104104707,149.09863743468458,-35.18863140901919
80104104708,149.10075691347765,-35.19579623497975
80104104709,149.11207810432236,-35.18732113249579
80104104710,149.09938565675606,-35.185686964571715
80104104711,149.10293304452424,-35.182523456393795
80104104712,149.10612083039598,-35.179751299737035
80104104713,149.1078079769923,-35.18237063963706
80104104714,149.08109841985356,-35.18326296056204
80104104715,149.08914032332996,-35.1826494697782
80104104716,149.0851096446339,-35.182679184741154
80104104717,149.09162867283666,-35.19348639936105
80104104718,149.08650929440668,-35.1891303196764
80104104719,149.08900729541278,-35.1795238145313
80104104801,149.1209700871453,-35.19125553997956
80104104802,149.11676198219746,-35.198028679328196
80104104803,149.12280836989837,-35.19010364445877
80104104804,149.12224324514304,-35.1959205100097
80104104805,149.12236943598256,-35.19877136476614
80104104806,149.12818345467227,-35.197312603305505
80104104807,149.12632909477063,-35.19620552973556
80104104808,149.11959941163371,-35.18845851938863
80104104809,149.11434322427758,-35.19116741096314
80104104810,149.11016361928037,-35.19632819942532
80104104811,149.11322040922417,-35.19634840443158
80104104812,149.12368608411808,-35.19321971930219
80104104813,149.11858026935062,-35.19532238838995
80104104814,149.11701302987836,-35.19362524269526
80104111601,149.17184342980656,-35.18368637987817
80104111702,149.08296749056635,-35.154195769607895
80104111801,149.1293346277425,-35.16081350999292
80104111803,149.13079150469054,-35.1516024315786
80104111901,149.16519521847607,-35.2155834900138
80104112001,149.10805764216602,-35.157947179944514
80104112003,149.11136134215042,-35.15710349936497
80104112005,149.12002421415178,-35.15918825164685
80104112006,149.1156475196796,-35.158312278558874
80104112007,149.1223965094086,-35.15955843054327
80104112008,149.12048610361632,-35.15449828004163
80104112009,149.11409729968872,-35.1546229355065
80104112010,149.1091453627362,-35.1549153594688
80104112011,149.11827373453124,-35.16260793250604
80104112012,149.12316590477135,-35.156085360621105
80104112013,149.11560628970304,-35.162134049568095
80104112014,149.11979403972487,-35.16417433269708
80104112015,149.1173568753247,-35.15587743450367
80104112102,149.10647804187545,-35.148499169699406
80104112103,149.11756177924437,-35.14406154679534
80104112104,149.10348153966703,-35.14243614552741
80104112105,149.11145695343936,-35.14378991966351
80104112106,149.10012601048396,-35.144922999920766
80104112107,149.10651190476838,-35.152704109773744
80104112108,149.1032272095421,-35.15144178063483
80104112109,149.0974937248176,-35.15105036285
80104112110,149.11905883873337,-35.14970419999816
80104112111,149.1003026147773,-35.14818709552489
80104112112,149.1111488537548,-35.15085330985533
80104112113,149.09670145565278,-35.146386945047865
80104112114,149.10019489060502,-35.152294714941405
80104112115,149.11249408538433,-35.14701921450856
80104112202,149.15691184066475,-35.18344451970697
80104112203,149.16281768424452,-35.19239059748804
80104112204,149.16254436373447,-35.1889990443875
80104112205,149.16641529412527,-35.197281606854425
80104112206,149.16567640465124,-35.193206302614925
80104112207,149.16417121451067,-35.197285138505116
80104112208,149.1627243043707,-35.18551904057476
80104112209,149.16614339475,-35.18883536404135
80105104901,149.1163769642667,-35.28225809538645
80105104902,149.11359002464104,-35.27305215150939
80105104903,149.11878217469388,-35.29016948488271
80105104904,149.10051877818069,-35.2887319796992
80105105001,149.14543816978383,-35.25809263629526
80105105002,149.1485454737926,-35.26880049947706
80105105003,149.1546943350129,-35.26130416665454
80105105004,149.15688679922792,-35.254278613557915
80105105005,149.1536052292405,-35.257498008889165
80105105006,149.14527651974507,-35.27335274451448
80105105007,149.1432549797758,-35.27110453494661
80105105008,149.14217061980307,-35.25822824356877
80105105011,149.1502125547204,-35.25986028391689
80105105012,149.15235986062615,-35.25354745934288
80105105013,149.1424186680092,-35.26728142479616
80105105014,149.1481905116946,-35.25546397940578
80105105015,149.13898996835127,-35.259494524490314
80105105016,149.14418301402443,-35.2638594897146
80105105017,149.13889313176028,-35.26338407474641
80105105018,149.14390750970992,-35.261893029478756
80105105101,149.13545530971072,-35.27738431461002
80105105102,149.13945628740856,-35.27591105447235
80105105105,149.13090647916545,-35.2731089835749
80105105109,149.13507626467822,-35.264367581725345
80105105110,149.13274237958635,-35.26987005033595
80105105111,149.13497976944703,-35.27219353671215
80105105112,149.133961969247,-35.26337422483672
80105105113,149.1342710346205,-35.26795801634918
80105105114,149.1321946596896,-35.26501759481541
80105105115,149.1386173453748,-35.27295002427835
80105105116,149.13298099458368,-35.26781815966864
80105105117,149.13713104500798,-35.26824906644702
80105105118,149.13309646492863,-35.26193964447333
80105105119,149.1321269842094,-35.27324222693399
80105105120,149.13343981989482,-35.27340161542352
80105105301,149.12540228133238,-35.28458248472271
80105105302,149.12533515292614,-35.28136411934593
80105105305,149.12428160426936,-35.27797909455361
80105105306,149.13552498933228,-35.28361567982549
80105105307,149.1249871635514,-35.2765909994804
80105105308,149.1258031967488,-35.276006504337985
80105105311,149.125603489583,-35.278550223482604
80105105312,149.13266441570119,-35.280186499398496
80105105313,149.12800650003604,-35.27750615830415
80105105314,149.13203496977485,-35.284398122578
80105105404,149.14186727130803,-35.25453951944478
80105105405,149.15093658066976,-35.2502793993474
80105105406,149.14366536433351,-35.25176699988548
80105105407,149.1361724815144,-35.25425345454818
80105105408,149.1346997591831,-35.2578898623974
80105105409,149.13709101787558,-35.25102904462412
80105105410,149.13711531460908,-35.25772787089542
80105105501,149.14678286242417,-35.247210514454345
80105105502,149.14335325546787,-35.23873850432569
80105105503,149.1405623866111,-35.242064999990376
80105105504,149.13680201817056,-35.24639106968448
80105105505,149.1457162316019,-35.24445550448775
80105105506,149.13972446416525,-35.24681354140149
80105105507,149.15130301425395,-35.245274564580704
80105105508,149.14594302027854,-35.241343999808166
80105105509,149.13718469149842,-35.242764039512195
80105105601,149.15805768762374,-35.24760818470654
80105105602,149.16036501312595,-35.249885049277886
80105105603,149.1665321972831,-35.248632359554946
80105105604,149.16192531670586,-35.244186924405376
80105105605,149.16376946276276,-35.25574491985418
80105105606,149.1668758442017,-35.252602884824206
80105105607,149.16666016499028,-35.24382236348317
80105105701,149.13403719686383,-35.23694008984834
80105105702,149.1238800034385,-35.241317154455864
80105105703,149.12348524956664,-35.23829343637273
80105105704,149.12130713773487,-35.23545846942562
80105105705,149.11786302478336,-35.239895464286064
80105105706,149.12261106123444,-35.24416352450168
80105105708,149.1214173942579,-35.24715249775651
80105105709,149.12784735989015,-35.25179431127284
80105105711,149.1326696142517,-35.25036360767281
80105105712,149.13202748950349,-35.257191821793306
80105105713,149.12469436487106,-35.2500386376464
80105105714,149.1259985848146,-35.24737968862514
80105105715,149.13017582454768,-35.256364457342485
80105105801,149.11898466753533,-35.26095002435637
80105105802,149.12381991872238,-35.25432760453953
80105105803,149.12693742220293,-35.258402549965524
80105105804,149.12049662288834,-35.25754346962971
80105105805,149.1196700299948,-35.25369848428786
80105105806,149.12071765695723,-35.25109209979035
80105105807,149.117525316627,-35.24986263991522
80105105808,149.11298153461368,-35.256441730297205
80105105809,149.11814249066822,-35.255507984453445
80105105810,149.11499323353908,-35.26676116992244
80105105811,149.11821130880554,-35.264388104256945
80105105812,149.11260687964804,-35.26235500466093
80105105813,149.12534463374567,-35.26237159986542
80105105814,149.10372323498748,-35.25593832584451
80105106003,149.12755717800223,-35.263984084480185
80105106006,149.1220051197275,-35.2691928073315
80105106007,149.11649975588122,-35.26970925479272
80105106008,149.1292948647148,-35.274322194771024
80105106009,149.13038436484757,-35.26753690168603
80105106010,149.12973041916854,-35.27162284260587
80105106011,149.12727388529424,-35.26726450494752
80105106012,149.1267257539691,-35.2706435044163
80105106013,149.1268973726126,-35.27402922449118
80105106014,149.1312840392827,-35.26134318587323
80105106015,149.13091989460588,-35.26421392368904
80105106101,149.1529580981812,-35.24159385998561
80105106102,149.14798789219066,-35.23667250988576
80105106103,149.1616988415413,-35.22757934975233
80105106106,149.1613709169367,-35.24148282440064
80105106107,149.15675100000811,-35.243448968379354
80105106108,149.15945406752897,-35.239944694338604
80105106109,149.15746472946765,-35.236861369752106
80105106110,149.15017521355074,-35.23327419934054
80105106111,149.1540180248765,-35.23525191741092
80105106112,149.15046616978645,-35.23931772960524
80105106113,149.1538942576916,-35.23077204499365
80105106114,149.1562389441265,-35.22921291842207
80105106116,149.1671952195398,-35.22631416348191
80105106117,149.16312978682197,-35.2368012948997
80105106118,149.16910148499687,-35.22859918691985
80105106119,149.15672043033896,-35.2323484143453
80105106120,149.16379713267014,-35.2312149595055
80105106121,149.1591643716296,-35.23443431456016
80105112301,149.09111220982027,-35.272245372724385
80105112401,149.1529079685951,-35.291852854804056
80105112402,149.14957365222912,-35.285424994392116
80105112403,149.1562350373533,-35.285797259715636
80105112404,149.150876579497,-35.28865108961429
80105112405,149.1491325542718,-35.27792906478204
80105112406,149.1596739041436,-35.28953284268539
80105112407,149.14754385943732,-35.289858567942
80105112408,149.14599049444465,-35.28734352486566
80105112410,149.1431473184856,-35.29006374457254
80105112411,149.1441460492488,-35.288695673503774
80105112501,149.16573376837036,-35.299372324356554
80105112502,149.16536114988546,-35.29163426469812
80105112601,149.14392673186035,-35.29351749439331
80105112602,149.14733684447674,-35.30035854466127
80105112701,149.14119817643999,-35.27872652998508
80105112702,149.13739955414133,-35.28045641950963
80105112703,149.1399610489701,-35.2853275545014
80105112704,149.14299099365982,-35.28154850453168
80105112801,149.14968173482916,-35.29813632044106
80106106201,149.1054319267776,-35.314464729486254
80106106202,149.11350130702357,-35.314031799953064
80106106203,149.09280115933538,-35.32131123492316
80106106204,149.10076326097348,-35.31604989425988
80106106205,149.1090890967583,-35.31681192983234
80106106206,149.1031846213128,-35.32438070954766
80106106207,149.1028732589471,-35.318479999415274
80106106208,149.10087906818663,-35.32022998457781
80106106209,149.1091931333464,-35.32020065422335
80106106301,149.12988541987752,-35.31574457942962
80106106302,149.12521968886944,-35.31990926973802
80106106303,149.1215467498622,-35.314924484272375
80106106304,149.1186582179644,-35.31984926965145
80106106401,149.13898506444812,-35.318817991827196
80106106402,149.1385712420378,-35.32378649924877
80106106403,149.14227614040786,-35.3270478745249
80106106405,149.13525518482834,-35.33016626773862
80106106407,149.1381783395938,-35.32855073536728
80106106409,149.1345890517058,-35.317928559498796
80106106410,149.13711407493395,-35.31856170187923
80106106411,149.1418420430215,-35.32007002934928
80106106413,149.1301131697515,-35.323644477905006
80106106414,149.13682159425724,-35.32113899966898
80106106415,149.13325386503774,-35.33434100992148
80106106416,149.13101076458676,-35.32910596148111
80106106417,149.1334341398473,-35.32078256467904
80106106418,149.1465597451621,-35.3230114449517
80106106419,149.14652344154652,-35.32194966470556
80106106420,149.14746625847152,-35.321455824240005
80106106601,149.1119855392205,-35.291592913749824
80106106701,149.1555425018462,-35.334212324267426
80106106702,149.15206180680138,-35.332794994315535
80106106703,149.14938878433358,-35.33079047295004
80106106704,149.15184105929504,-35.32763193879347
80106106705,149.15433994604,-35.33103677985584
80106106706,149.15636837429096,-35.32907862926041
80106106707,149.14787967574165,-35.341623929703125
80106106708,149.13820794177735,-35.33880049467615
80106106709,149.14094749886502,-35.33378799924154
80106106710,149.14614240405078,-35.33689948946436
80106106712,149.14274523705603,-35.3398904996675
80106106713,149.13840679734022,-35.335147529596846
80106106714,149.14212921465497,-35.330285964535165
80106106715,149.14484291194057,-35.331998484734804
80106106716,149.14677512972622,-35.32702160285332
80106106717,149.15562712404434,-35.33672689976131
80106106718,149.14086342374097,-35.342939154560895
80106106719,149.1421435113427,-35.344329949692415
80106106801,149.12952105421516,-35.300363087964556
80106106901,149.12903684700566,-35.344764114326665
80106106902,149.12165285976187,-35.32616732986438
80106106903,149.12460875452615,-35.34136842650956
80106106904,149.1294060815369,-35.34165733455362
80106106905,149.1350783550579,-35.34162600491216
80106106906,149.1318052445055,-35.3381405392453
80106106907,149.1279415293831,-35.33638551745077
80106106908,149.11462753477673,-35.32582575123851
80106106909,149.12407244503024,-35.3356905154503
80106107001,149.10264251229336,-35.31169726433955
80106107002,149.08542684425225,-35.30528338261884
80106107003,149.09868017922074,-35.302330598777246
80106107004,149.0975834404634,-35.30765497431466
80106107005,149.10306937824166,-35.307321469366954
80106107006,149.10405888869678,-35.301767534907576
80106107007,149.10935147938147,-35.30926489253566
80106107008,149.1162178968844,-35.302716239919484
80106112901,149.1321362781793,-35.311211064858455
80106112902,149.13739010476286,-35.31290690579323
80106112903,149.13464039042427,-35.30666517456743
80106113002,149.16929187842973,-35.33159332490196
80106113003,149.15718401941606,-35.32230540631377
80106113004,149.16930849995745,-35.314881917426625
80106113005,149.18137551886335,-35.33772999989015
80106113006,149.1601766346142,-35.31266196647269
80106113007,149.18126815042402,-35.329058094543875
80106113101,149.14452497390698,-35.31246789985052
80106113103,149.14472953826348,-35.319086484279715
80106113104,149.14304806722308,-35.315033004668564
80106113106,149.15127767727137,-35.313492974415475
80106113107,149.13989909845313,-35.31560856928225
80106113108,149.14179654964065,-35.31299444148513
80106113109,149.145321429221,-35.315054752417865
80106113111,149.15007644378522,-35.31935647477149
80106113112,149.15216938185333,-35.31630780990178
80106113113,149.14533946559536,-35.309520804362
80106113114,149.1419507607305,-35.31796052429652
80106113115,149.14721133096697,-35.31703999478218
80106113116,149.1475925544139,-35.312355359703446
80106113117,149.14659771964412,-35.31279873366706
80106113118,149.14423903745714,-35.316416414935816
80106113119,149.14244847770357,-35.31694698946003
80107107101,149.10635852012857,-35.475487904495836
80107107102,149.10173267072582,-35.47721955457299
80107107104,149.09829089159743,-35.47670882480825
80107107105,149.0971365645421,-35.4741357597922
80107107106,149.10012317180767,-35.47262084925907
80107107107,149.09399132737383,-35.475507094657914
80107107108,149.09418191574113,-35.47112860426945
80107107109,149.1024724989393,-35.46864263979863
80107107110,149.0977056221218,-35.466668014233704
80107107111,149.10189354462017,-35.471078471693936
80107107112,149.1058967546315,-35.46965299836418
80107107113,149.09246744239383,-35.46570239482486
80107107114,149.09426334532668,-35.46843364412323
80107107202,149.08193931931635,-35.43166828732496
80107107203,149.0852983294711,-35.43235085351899
80107107204,149.07446001453266,-35.430950498535175
80107107205,149.0697908690282,-35.42854566480263
80107107206,149.07571496098458,-35.425875704472716
80107107207,149.07756418970934,-35.43034049933429
80107107208,149.0798581590599,-35.42769182475899
80107107209,149.08027702101904,-35.43921056439827
80107107210,149.08846158504736,-35.437095238313006
80107107211,149.0853548299092,-35.436334009186375
80107107301,149.09960830150428,-35.43457016924242
80107107302,149.10773798385867,-35.434472674224956
80107107303,149.1002433322567,-35.437659034235324
80107107304,149.1132372149065,-35.438872134725166
80107107307,149.11585695470157,-35.44286314916036
80107107308,149.11088221940543,-35.44184559877041
80107107309,149.10331918804403,-35.44169701976921
80107107310,149.1047871070835,-35.44824014423517
80107107311,149.09496544429828,-35.43843513240601
80107107312,149.1077257694657,-35.4418732258057
80107107313,149.09820244347455,-35.44194623917905
80107107314,149.10866868969697,-35.436950684810455
80107107315,149.1207150994536,-35.437378229497554
80107107316,149.1145820395992,-35.43516072070354
80107107317,149.10532663883643,-35.43759998967972
80107107401,149.11924609794426,-35.41606460941363
80107107402,149.1271898398146,-35.41555759485479
80107107403,149.1270438033938,-35.42693232428489
80107107404,149.11666496774006,-35.419807884347975
80107107405,149.1157106245317,-35.4228987993946
80107107406,149.12096090456654,-35.42782468452461
80107107407,149.1217123129623,-35.421556004832134
80107107408,149.12624223936075,-35.42173680679655
80107107409,149.13020060996465,-35.42374739916457
80107107410,149.13597804296776,-35.42471062471135
80107107411,149.1327361228204,-35.42816683959291
80107107412,149.11778921560636,-35.42549704970738
80107107413,149.13014086840502,-35.42009121958958
80107107502,149.09352480170406,-35.45386766976526
80107107503,149.10212639512832,-35.4550162776156
80107107504,149.09460155474298,-35.46023670948437
80107107505,149.10074265811247,-35.45787004469209
80107107506,149.09984988094203,-35.46293516438067
80107107507,149.10317198381338,-35.46457556433565
80107107508,149.10943458432502,-35.46826978967652
80107107509,149.1009003106482,-35.45977500980973
80107107510,149.10876352573982,-35.46486723945538
80107107512,149.0965267620761,-35.45541957972681
80107107513,149.10893428469555,-35.4620727348048
80107107514,149.1016045233556,-35.45283024482358
80107107515,149.1161605196906,-35.46624033833766
80107107516,149.0936759944546,-35.44940537825052
80107107517,149.11269987144962,-35.46702683980351
80107107601,149.10825661720477,-35.397198599590844
80107107602,149.11984291436454,-35.399441675637405
80107107603,149.11659424427603,-35.40337055423914
80107107604,149.1140863842597,-35.402858160771025
80107107605,149.12292519580103,-35.402185569428696
80107107606,149.10960262138548,-35.40234896970716
80107107607,149.12324193368542,-35.412148124426075
80107107608,149.12152156289824,-35.40668152453089
80107107609,149.11927015482757,-35.393673033801925
80107107701,149.13626991638336,-35.414933494390176
80107107702,149.13181801226065,-35.416537754235264
80107107703,149.13366146481812,-35.41997538064867
80107107704,149.1332384337778,-35.41188204986199
80107107705,149.13826424997595,-35.42191186987268
80107107706,149.1407081328761,-35.4200176746888
80107107707,149.14111683488937,-35.41775813937084
80107107708,149.14026049967507,-35.411067712329064
80107107801,149.08539618475157,-35.4632147517232
80107107802,149.08585354311387,-35.46732579452983
80107107803,149.08850636965752,-35.46601653969909
80107107804,149.08976410448008,-35.470429478631594
80107107805,149.088109214589,-35.47271858630741
80107107806,149.0843162768294,-35.470597919468055
80107107807,149.08736897494708,-35.45086479470806
80107107808,149.08860126678584,-35.45377951918918
80107107809,149.08996817476316,-35.44935676158309
80107107810,149.08391794945945,-35.454580852779785
80107107811,149.08750131924626,-35.460458198155436
80107107812,149.0827643698025,-35.46042015966139
80107107813,149.07604944957896,-35.45983516783992
80107107814,149.08070217477842,-35.46511439556009
80107107815,149.0795915399819,-35.45795168437664
80107107816,149.08024976433666,-35.46082749921558
80107107817,149.08375959084785,-35.44175223441181
80107107818,149.08952208666443,-35.442091589489074
80107107819,149.08595182689083,-35.44599124960154
80107107820,149.08942665863185,-35.446645119815436
80107107821,149.08341932608622,-35.44934268480762
80107107901,149.10552855945105,-35.40653669239571
80107107902,149.1041816183275,-35.41200073964968
80107107903,149.10756487940168,-35.41042427183901
80107107904,149.11077596487695,-35.40712899574903
80107107905,149.11536097327365,-35.408775844891
80107107906,149.11223656444346,-35.41475988329418
80107107907,149.10360139289227,-35.41735737484808
80107107908,149.10963692984282,-35.40959060826713
80107107909,149.10506103485469,-35.41575917040344
80107108002,149.06864169470944,-35.40050394936444
80107108003,149.07191888451152,-35.40469436354414
80107108006,149.06702159567092,-35.41620332973956
80107108007,149.0648636546106,-35.42307146034419
80107108008,149.073848189959,-35.41548176166008
80107108009,149.06047016972738,-35.41121877854685
80107108010,149.0701040846183,-35.41220104286689
80107108011,149.06488149425383,-35.412213504466465
80107108012,149.06996242928113,-35.42126023064871
80107108013,149.0729917954559,-35.421600409261764
80107108014,149.0769889256694,-35.423105414184526
80107108015,149.0717006100671,-35.41990311455262
80107108016,149.07295398446726,-35.419466628618935
80107108101,149.0892178048198,-35.43431429278565
80107108102,149.09365240200026,-35.434141544683776
80107108103,149.09178469133687,-35.43046937942911
80107108104,149.09636023149042,-35.43201030968363
80107108105,149.09759036467756,-35.427628524420484
80107108106,149.09355450180396,-35.42817973425465
80107108107,149.1035023769884,-35.430757859463554
80107108108,149.09647475141782,-35.423741394354956
80107108109,149.10111980859796,-35.42704924975188
80107108111,149.09962949725337,-35.430463964352455
80107108112,149.083346208612,-35.42514402973658
80107108113,149.0902754138617,-35.426099914876254
80107108114,149.0873073595017,-35.426098670468384
80107108201,149.07841532906804,-35.388347484333586
80107108202,149.04841280232088,-35.38554904929302
80107108203,149.05429351642886,-35.383870479826264
80107108204,149.0541370676356,-35.39547243986445
80107108205,149.05507182128258,-35.39340399980246
80107108206,149.0564665482877,-35.39072150418653
80107108207,149.06378714232017,-35.39124747439627
80107108208,149.08082171359322,-35.38571469431449
80107108209,149.08422961006576,-35.38574915677941
80107108210,149.07721578441462,-35.384992910431265
80107108211,149.0746355300678,-35.38270488433999
80107108212,149.0719916426596,-35.381527869862644
80107108213,149.06075053572422,-35.39932587950534
80107108214,149.06307945762418,-35.40123589472075
80107108215,149.06785075684783,-35.39608237427196
80107108216,149.07400213874075,-35.393291019490995
80107108217,149.06791149463913,-35.38123749973905
80107108218,149.06693571762807,-35.37658486478673
80107108219,149.0582644194293,-35.38693151448832
80107108220,149.04631457137913,-35.38838533937079
80107108221,149.0489587094174,-35.39036940473019
80107108222,149.06371069479118,-35.37511111946504
80107108223,149.07502103758046,-35.39111499444552
80107108224,149.07173962479823,-35.38883850431088
80107108225,149.06375941761556,-35.3862724892071
80107108226,149.0612520148417,-35.38174872983888
80107108227,149.0692897249823,-35.38584098435333
80107108228,149.06106831206105,-35.37174239487638
80107108229,149.04491888856668,-35.37465850440733
80107108230,149.0399923613602,-35.37589813463082
80107108231,149.05932138437916,-35.376291382242904
80107108232,149.03812063432918,-35.39524435246544
80107108233,149.0815056109005,-35.38980180951024
80107108234,149.0533921944835,-35.37409141465546
80107108235,149.05342640502442,-35.37752048923656
80107108236,149.0479868400778,-35.3809690497412
80107108237,149.03638801680978,-35.38956627432195
80107108238,149.04175451728278,-35.3929747798147
80107108239,149.04995629752355,-35.3919560147873
80107108240,149.04181503498685,-35.39572375968805
80107108241,149.08908816444963,-35.386065779254345
80107108301,149.1270040996549,-35.403710768839275
80107108302,149.13124323420928,-35.40371414578275
80107108303,149.13385922802962,-35.4069275992298
80107108401,149.1014312634901,-35.408408029269985
80107108402,149.09591969947172,-35.40981712048778
80107108403,149.0903403126494,-35.40895421986805
80107108404,149.08203823191394,-35.415291289222154
80107108405,149.0774480896454,-35.418026217264035
80107108406,149.08702318734305,-35.41248041988382
80107108407,149.092482084933,-35.41064736918861
80107108408,149.0991471854891,-35.41169200453589
80107108409,149.08041756334353,-35.41856899417198
80107108410,149.08725991857327,-35.41574416457701
80107108411,149.0871832464655,-35.41848502461502
80107108412,149.09283757973193,-35.41660708986179
80107108413,149.09180633265035,-35.41370481917163
80107108414,149.0839634850612,-35.41865209686779
80107108415,149.1000766642288,-35.41825147954652
80107108417,149.09756993968296,-35.41618116044891
80107108418,149.10039505501325,-35.413549268262486
80107108419,149.09261446157151,-35.42039438963964
80107108420,149.08297939953206,-35.421840144297605
80107108501,149.0918058574416,-35.38230363939012
80107108601,149.07576811968983,-35.405035443870496
80107108602,149.0804160730385,-35.41319978479654
80107108603,149.08321503841083,-35.408605569445356
80107108604,149.08101436359408,-35.41160349442398
80107108605,149.07770607591357,-35.41006947917774
80107108701,149.1100269370167,-35.42275580965606
80107108702,149.12595073694936,-35.43039170473805
80107108703,149.12243483333523,-35.43269322943572
80107108704,149.11034779906646,-35.42919481931959
80107108705,149.1169749458019,-35.4306459943195
80107108706,149.1064872073863,-35.424045679448156
80107108707,149.11270726548273,-35.41889579971245
80107108801,149.11338282732245,-35.45327762946652
80107108802,149.11580487846624,-35.457121609372315
80107108803,149.11303737748503,-35.44770824949551
80107108804,149.11900253951785,-35.44914750943249
80107108805,149.11964421870172,-35.4441230244245
80107108806,149.12531556066978,-35.44041660453663
80107108807,149.12462466728314,-35.4440745194652
80107108808,149.1277553975579,-35.44899206941361
80107108809,149.12391592886328,-35.4524610746268
80107108810,149.12259828539445,-35.44777394462289
80107108901,149.10855804600007,-35.498558769307046
80107109001,149.09460049473094,-35.38952433120227
80107109002,149.09267341890197,-35.38725321488356
80107109003,149.09838615344168,-35.39667600442626
80107109004,149.10173894994966,-35.40057704417562
80107109005,149.08677949506776,-35.39841143145119
80107109006,149.08358366478262,-35.400683615272264
80107109007,149.09899341547208,-35.403983199565005
80107109008,149.0883306259503,-35.406611269530174
80107109009,149.08155366448003,-35.39737937053045
80107109010,149.09810692920362,-35.39090557851499
80107109011,149.09183981106437,-35.3999370141987
80107109012,149.09620735978865,-35.39907539029695
80107109013,149.10176743462904,-35.39255770948462
80107109014,149.09057203128032,-35.39081201450525
80107109015,149.0778424249023,-35.40169264418844
80107109016,149.07683039997124,-35.39709073582792
80107109017,149.08292556529366,-35.3921367842981
80107109018,149.0935671985922,-35.3945479896788
80107109019,149.088857044995,-35.394949533274506
80107109020,149.0844655867111,-35.40352575429598
80107113201,149.04034360982277,-35.40305001938717
80107113202,149.02903956063045,-35.384655929412524
80108109101,149.02741279429588,-35.34756552135917
80108109102,149.0369795879671,-35.3540440845856
80108109103,149.0406736679262,-35.35611972968284
80108109104,149.04568686638785,-35.35760050917934
80108109105,149.03052485757905,-35.3535260747606
80108109106,149.03622309600505,-35.35855687433369
80108109107,149.04203830586079,-35.35937396927188
80108109108,149.04523912898227,-35.362512504180025
80108109201,149.03448135878887,-35.33620437976252
80108109202,149.02986387988793,-35.34129292072056
80108109203,149.03381412163688,-35.34060207475833
80108109204,149.03815322969928,-35.340292602500284
80108109205,149.0377674482005,-35.331763514455496
80108109206,149.03157457492117,-35.33228370483505
80108109207,149.02912614834233,-35.33736874434413
80108109208,149.02956518556442,-35.33350529957455
80108109209,149.03451584421427,-35.328351874918596
80108109210,149.02524576947135,-35.337495819387634
80108109301,149.055430727883,-35.35959146420147
80108109302,149.05988496493052,-35.36058352074474
80108109303,149.06472110455138,-35.36192598731831
80108109304,149.05311257678332,-35.3629599743264
80108109305,149.0514199396839,-35.357429599657635
80108109306,149.05903999160796,-35.3643629193583
80108109401,149.04359093962486,-35.3393178346328
80108109402,149.04885425421443,-35.327629534886555
80108109403,149.04268959971319,-35.331787733308744
80108109404,149.04859991420804,-35.33825643051575
80108109405,149.04863363606546,-35.33255598466318
80108109406,149.04156493233364,-35.3344285693118
80108109407,149.0399289411994,-35.33695959927686
80108109501,149.0362817676712,-35.35149703485929
80108109502,149.03997682499738,-35.351541266860345
80108109503,149.03304637108943,-35.3482305192631
80108109504,149.0402118682931,-35.34834954451844
80108109505,149.0413653545253,-35.34418414975639
80108109506,149.0332608456601,-35.35016627919986
80108109507,149.04555051919573,-35.34507978822411
80108109508,149.03650669953018,-35.34527259246332
80108109509,149.0313175579352,-35.34616906443504
80108109601,149.04918982438036,-35.34542975372198
80108109602,149.05427303843365,-35.346072109497925
80108109603,149.05278271541098,-35.35020900990758
80108109604,149.0457172698687,-35.3511171551938
80108109605,149.04915987454882,-35.35431025473193
80108109701,149.05746020536614,-35.35570734457965
80108109702,149.06236135965742,-35.354279024510234
80108109703,149.0673713376588,-35.35457551990587
80108109705,149.05677280462928,-35.35140908439524
80108109706,149.0667644870568,-35.34986394487571
80108109707,149.0617696079387,-35.35031052455557
80108109708,149.05923480565036,-35.34828145955866
80108109801,149.05536672651226,-35.33814899432767
80108109802,149.05544714998473,-35.332158492580874
80108109804,149.0621819095013,-35.33743439458083
80108109806,149.05307754787714,-35.34227644475951
80108109807,149.05956202597577,-35.34398645987276
80108109808,149.06552054496711,-35.3448405144811
80108109809,149.0623456687843,-35.34121044983195
80108109810,149.05909584975066,-35.33289894338949
80108109811,149.0572597436156,-35.320514494914015
80108109812,149.06068072944012,-35.33076751433444
80108109813,149.05986204441604,-35.324503284319434
80108109814,149.05860564808324,-35.33511600469693
80108113301,149.0727265948177,-35.30828266461285
80109109901,149.07991794643365,-35.35075433952978
80109109902,149.0833514942991,-35.35424976951988
80109109903,149.07263915999448,-35.355115478300704
80109109904,149.07818712734144,-35.356283304601696
80109109905,149.0750191592032,-35.35180623633455
80109110001,149.07213620225005,-35.31896881444088
80109110002,149.070358046434,-35.33028477947725
80109110003,149.07911885995412,-35.32915874751156
80109110004,149.08334466440806,-35.334077646708856
80109110005,149.06995751100496,-35.32437579966339
80109110006,149.0783381242592,-35.33364100846545
80109110007,149.07483630353383,-35.33209744920064
80109110008,149.08412217425277,-35.32270449482286
80109110010,149.08610050525684,-35.3171848043044
80109110011,149.07785076755633,-35.32517711975728
80109110012,149.07757045545844,-35.32125054982981
80109110013,149.0818055592722,-35.325620389712064
80109110014,149.0845532290452,-35.32798700971885
80109110101,149.10255720468072,-35.37364709142398
80109110102,149.1126170503737,-35.379426309185064
80109110104,149.1056909550915,-35.376313654793016
80109110105,149.10678872152147,-35.37205310980734
80109110106,149.0994469065871,-35.373123594327424
80109110107,149.09624829242284,-35.37534142969921
80109110108,149.11014066732488,-35.381647179280144
80109110109,149.10437177819847,-35.38062602924377
80109110110,149.10158654537182,-35.37738741982669
80109110201,149.1172515047385,-35.34206427585137
80109110202,149.0980899779942,-35.34049945459971
80109110203,149.11035095933966,-35.34172354187564
80109110204,149.11201285968323,-35.3348700737073
80109110205,149.10329200322693,-35.337638694299834
80109110206,149.10526508267992,-35.34095947462928
80109110207,149.10483785291393,-35.3434362498422
80109110209,149.1130782948479,-35.341246469394584
80109110210,149.10130729957416,-35.347234343281485
80109110211,149.10582045801948,-35.34674868429675
80109110301,149.0921078395991,-35.333084486313346
80109110302,149.1015106916292,-35.33400170979249
80109110303,149.0900742199842,-35.336158764591495
80109110304,149.09824436605223,-35.32946526492052
80109110305,149.097732371256,-35.33241342981702
80109110306,149.09040734852923,-35.33029739444315
80109110307,149.09765249845086,-35.336420714743106
80109110308,149.09794010486885,-35.33499148935661
80109110401,149.10978170502892,-35.36098989636998
80109110402,149.1097736749886,-35.36745652868628
80109110403,149.11390253505368,-35.36863610422356
80109110404,149.11581120979238,-35.37699183664368
80109110405,149.11289535922845,-35.37391515925686
80109110406,149.11782528476164,-35.36568555221009
80109110501,149.06899730000114,-35.33998810247836
80109110502,149.07504352420858,-35.33704636439194
80109110503,149.08027377720254,-35.33840168422016
80109110504,149.07900267544852,-35.341684969551515
80109110505,149.0775040618741,-35.34386899481088
80109110506,149.07388481427313,-35.341967980609006
80109110507,149.07859405877528,-35.346308789395955
80109110601,149.09490033171153,-35.35611135926956
80109110602,149.0953631796785,-35.3611338498686
80109110603,149.10126174959933,-35.359499129826645
80109110604,149.09820381430364,-35.36984474485996
80109110605,149.09547385481642,-35.367847464534435
80109110606,149.1034588149853,-35.36571268964179
80109110607,149.10113282967802,-35.3687410268566
80109110701,149.1061080294032,-35.358729939757346
80109110702,149.11358116096415,-35.352320724233984
80109110801,149.0899582843119,-35.361067731715266
80109110802,149.07985572732042,-35.361103009828575
80109110803,149.08101596439198,-35.36664135276917
80109110804,149.08516603188423,-35.36377281462236
80109110805,149.08046634366008,-35.35836075446428
80109110806,149.07686394486058,-35.3627240538259
80109110807,149.08466850535405,-35.35942028489764
80109110901,149.08913947981188,-35.34819564584489
80109110904,149.0881366599175,-35.35295458560105
80109110905,149.0927858098221,-35.35171248777744
80109110907,149.0955380744778,-35.34605298447806
80109110908,149.09731168481852,-35.34724934353787
80109110910,149.0981868388397,-35.35251735479191
80109110913,149.094977749421,-35.35140068491904
80109110915,149.09373825489033,-35.34738890469931
80109110916,149.0841644965807,-35.33861090956631
80109110917,149.0904313946327,-35.347138609604315
80109110918,149.0879956567573,-35.33905130437802
80109110919,149.09343719979418,-35.34259078961952
80109110920,149.08897108432367,-35.34343294584925
80109110921,149.0857501048039,-35.344997100645934
80109111001,149.08981841841876,-35.37476426961005
80109111002,149.0896153847915,-35.368674338435326
80109111003,149.0834536713745,-35.37141510444439
80109111004,149.08666440920175,-35.36913634575541
80109111005,149.0843049095478,-35.37462208956136
80109111006,149.08661681735634,-35.37705927920788
80110113401,149.066935999699,-35.29713481568733
80110113505,149.03621135682093,-35.31260149479902
80110113506,149.04287249939995,-35.3152364975196
80110113507,149.03634389964787,-35.317651994460206
80110113508,149.04851499466764,-35.324043757695854
80110113509,149.03896450002895,-35.31621166355726
80110113510,149.04482917741245,-35.32261849489712
80110113511,149.04241910170973,-35.321207914484056
80110113512,149.03641549986756,-35.316027425502625
80110113513,149.04207266192884,-35.31786199477718
80110113514,149.04627400435928,-35.32548138534838
80110113515,149.04077023951416,-35.31396950481111
80110113602,149.02462548995422,-35.28880025779864
80110113603,149.02650471432457,-35.30789291471308
80110113604,149.0236668474089,-35.299749489707786
80110113605,149.0257734353777,-35.30437734974865
80110113606,149.02704944462803,-35.30184348450339
80110113701,149.04150896818973,-35.29863749926904
80110113901,149.0287244972058,-35.31285499978658
80110113902,149.0392828908134,-35.32536949948441
80110113903,149.04195135433122,-35.32430699968647
80110113904,149.039156480785,-35.32359499967447
80110113905,149.03815029130996,-35.32197649946483
80110113906,149.03346929253527,-35.325104504873735
80110113907,149.0352848541998,-35.319449499311695
80110113908,149.03368687348024,-35.32226700429372
80110113909,149.03318099980444,-35.31729749752385
80110113910,149.03382899953462,-35.318208149348976
80110114501,149.05692798949292,-35.28928043488314
80110114601,149.03360493275326,-35.27811899969297
80111114001,148.9891985546359,-35.31792516283972
80111114002,148.976642423719,-35.42912741962665
80111114004,149.0644283193458,-35.508998643619115
80111114005,148.90518695403162,-35.28072774963543
80111114006,148.9251399136092,-35.29606800922032
80111114101,148.93696006469528,-35.694300920527404
